id,label,thumbnail,centroid
Amerine-3588,http://labelthis.lib.ucdavis.edu/images/labels/2048x/3/Amerine-3588.jpg,http://labelthis.lib.ucdavis.edu/images/labels/200x/3/Amerine-3588.jpg,"<Point><coordinates>-0.75,45.170000000000002</coordinates></Point>"
Amerine-2881,http://labelthis.lib.ucdavis.edu/images/labels/2048x/2/Amerine-2881.jpg,http://labelthis.lib.ucdavis.edu/images/labels/200x/2/Amerine-2881.jpg,"<Point><coordinates>0.1,44.950000000000003</coordinates></Point>"
Amerine-3141,http://labelthis.lib.ucdavis.edu/images/labels/2048x/3/Amerine-3141.jpg,http://labelthis.lib.ucdavis.edu/images/labels/200x/3/Amerine-3141.jpg,"<Point><coordinates>-0.77,45.200000000000003</coordinates></Point>"
Amerine-2817,http://labelthis.lib.ucdavis.edu/images/labels/2048x/2/Amerine-2817.jpg,http://labelthis.lib.ucdavis.edu/images/labels/200x/2/Amerine-2817.jpg,"<Point><coordinates>-0.24,45.009999999999998</coordinates></Point>"
Amerine-2320,http://labelthis.lib.ucdavis.edu/images/labels/2048x/2/Amerine-2320.jpg,http://labelthis.lib.ucdavis.edu/images/labels/200x/2/Amerine-2320.jpg,"<Point><coordinates>-0.34,45.039999999999999</coordinates></Point>"
Amerine-3027,http://labelthis.lib.ucdavis.edu/images/labels/2048x/3/Amerine-3027.jpg,http://labelthis.lib.ucdavis.edu/images/labels/200x/3/Amerine-3027.jpg,"<Point><coordinates>0.02,44.780000000000001</coordinates></Point>"
Amerine-2339,http://labelthis.lib.ucdavis.edu/images/labels/2048x/2/Amerine-2339.jpg,http://labelthis.lib.ucdavis.edu/images/labels/200x/2/Amerine-2339.jpg,"<Point><coordinates>-0.02,44.780000000000001</coordinates></Point>"
Amerine-4284,http://labelthis.lib.ucdavis.edu/images/labels/2048x/4/Amerine-4284.jpg,http://labelthis.lib.ucdavis.edu/images/labels/200x/4/Amerine-4284.jpg,"<Point><coordinates>0.15,44.810000000000002</coordinates></Point>"
Amerine-2789,http://labelthis.lib.ucdavis.edu/images/labels/2048x/2/Amerine-2789.jpg,http://labelthis.lib.ucdavis.edu/images/labels/200x/2/Amerine-2789.jpg,"<Point><coordinates>0.11,44.759999999999998</coordinates></Point>"
Amerine-2884,http://labelthis.lib.ucdavis.edu/images/labels/2048x/2/Amerine-2884.jpg,http://labelthis.lib.ucdavis.edu/images/labels/200x/2/Amerine-2884.jpg,"<Point><coordinates>-0.86,45.32</coordinates></Point>"
Amerine-4062,http://labelthis.lib.ucdavis.edu/images/labels/2048x/4/Amerine-4062.jpg,http://labelthis.lib.ucdavis.edu/images/labels/200x/4/Amerine-4062.jpg,"<Point><coordinates>-0.69,45.049999999999997</coordinates></Point>"
Amerine-2882,http://labelthis.lib.ucdavis.edu/images/labels/2048x/2/Amerine-2882.jpg,http://labelthis.lib.ucdavis.edu/images/labels/200x/2/Amerine-2882.jpg,"<Point><coordinates>-0.24,45.030000000000001</coordinates></Point>"
Amerine-2291,http://labelthis.lib.ucdavis.edu/images/labels/2048x/2/Amerine-2291.jpg,http://labelthis.lib.ucdavis.edu/images/labels/200x/2/Amerine-2291.jpg,"<Point><coordinates>-0.4,45.090000000000003</coordinates></Point>"
Amerine-4708,http://labelthis.lib.ucdavis.edu/images/labels/2048x/4/Amerine-4708.jpg,http://labelthis.lib.ucdavis.edu/images/labels/200x/4/Amerine-4708.jpg,"<Point><coordinates>0.06,44.869999999999997</coordinates></Point>"
Amerine-2848,http://labelthis.lib.ucdavis.edu/images/labels/2048x/2/Amerine-2848.jpg,http://labelthis.lib.ucdavis.edu/images/labels/200x/2/Amerine-2848.jpg,"<Point><coordinates>-0.72,45.119999999999997</coordinates></Point>"
Amerine-3133,http://labelthis.lib.ucdavis.edu/images/labels/2048x/3/Amerine-3133.jpg,http://labelthis.lib.ucdavis.edu/images/labels/200x/3/Amerine-3133.jpg,"<Point><coordinates>-0.83,45.32</coordinates></Point>"
Amerine-4282,http://labelthis.lib.ucdavis.edu/images/labels/2048x/4/Amerine-4282.jpg,http://labelthis.lib.ucdavis.edu/images/labels/200x/4/Amerine-4282.jpg,"<Point><coordinates>-0.8,45.149999999999999</coordinates></Point>"
Amerine-4910,http://labelthis.lib.ucdavis.edu/images/labels/2048x/4/Amerine-4910.jpg,http://labelthis.lib.ucdavis.edu/images/labels/200x/4/Amerine-4910.jpg,"<Point><coordinates>-0.98,45.340000000000003</coordinates></Point>"
Amerine-4155,http://labelthis.lib.ucdavis.edu/images/labels/2048x/4/Amerine-4155.jpg,http://labelthis.lib.ucdavis.edu/images/labels/200x/4/Amerine-4155.jpg,"<Point><coordinates>-0.18,44.670000000000002</coordinates></Point>"
Amerine-3456,http://labelthis.lib.ucdavis.edu/images/labels/2048x/3/Amerine-3456.jpg,http://labelthis.lib.ucdavis.edu/images/labels/200x/3/Amerine-3456.jpg,"<Point><coordinates>-0.18,44.670000000000002</coordinates></Point>"
Amerine-4462,http://labelthis.lib.ucdavis.edu/images/labels/2048x/4/Amerine-4462.jpg,http://labelthis.lib.ucdavis.edu/images/labels/200x/4/Amerine-4462.jpg,"<Point><coordinates>-0.03,44.979999999999997</coordinates></Point>"
Amerine-4266,http://labelthis.lib.ucdavis.edu/images/labels/2048x/4/Amerine-4266.jpg,http://labelthis.lib.ucdavis.edu/images/labels/200x/4/Amerine-4266.jpg,"<Point><coordinates>0.12,44.630000000000003</coordinates></Point>"
Amerine-2148,http://labelthis.lib.ucdavis.edu/images/labels/2048x/2/Amerine-2148.jpg,http://labelthis.lib.ucdavis.edu/images/labels/200x/2/Amerine-2148.jpg,"<Point><coordinates>-0.7,45.060000000000002</coordinates></Point>"
Amerine-4143,http://labelthis.lib.ucdavis.edu/images/labels/2048x/4/Amerine-4143.jpg,http://labelthis.lib.ucdavis.edu/images/labels/200x/4/Amerine-4143.jpg,"<Point><coordinates>-0.38,44.979999999999997</coordinates></Point>"
Amerine-4999,http://labelthis.lib.ucdavis.edu/images/labels/2048x/4/Amerine-4999.jpg,http://labelthis.lib.ucdavis.edu/images/labels/200x/4/Amerine-4999.jpg,"<Point><coordinates>-0.45,44.789999999999999</coordinates></Point>"
Amerine-0414,http://labelthis.lib.ucdavis.edu/images/labels/2048x/0/Amerine-0414.jpg,http://labelthis.lib.ucdavis.edu/images/labels/200x/0/Amerine-0414.jpg,"<Point><coordinates>0.15,44.850000000000001</coordinates></Point>"
Amerine-2419,http://labelthis.lib.ucdavis.edu/images/labels/2048x/2/Amerine-2419.jpg,http://labelthis.lib.ucdavis.edu/images/labels/200x/2/Amerine-2419.jpg,"<Point><coordinates>-0.43,44.780000000000001</coordinates></Point>"
Amerine-3120,http://labelthis.lib.ucdavis.edu/images/labels/2048x/3/Amerine-3120.jpg,http://labelthis.lib.ucdavis.edu/images/labels/200x/3/Amerine-3120.jpg,"<Point><coordinates>-0.7,45.039999999999999</coordinates></Point>"
Amerine-4217,http://labelthis.lib.ucdavis.edu/images/labels/2048x/4/Amerine-4217.jpg,http://labelthis.lib.ucdavis.edu/images/labels/200x/4/Amerine-4217.jpg,"<Point><coordinates>-0.4,44.539999999999999</coordinates></Point>"
Amerine-2809,http://labelthis.lib.ucdavis.edu/images/labels/2048x/2/Amerine-2809.jpg,http://labelthis.lib.ucdavis.edu/images/labels/200x/2/Amerine-2809.jpg,"<Point><coordinates>-0.72,45.119999999999997</coordinates></Point>"
Amerine-2147,http://labelthis.lib.ucdavis.edu/images/labels/2048x/2/Amerine-2147.jpg,http://labelthis.lib.ucdavis.edu/images/labels/200x/2/Amerine-2147.jpg,"<Point><coordinates>-0.89,45.390000000000001</coordinates></Point>"
Amerine-0409,http://labelthis.lib.ucdavis.edu/images/labels/2048x/0/Amerine-0409.jpg,http://labelthis.lib.ucdavis.edu/images/labels/200x/0/Amerine-0409.jpg,"<Point><coordinates>-0.44,44.729999999999997</coordinates></Point>"
Amerine-2417,http://labelthis.lib.ucdavis.edu/images/labels/2048x/2/Amerine-2417.jpg,http://labelthis.lib.ucdavis.edu/images/labels/200x/2/Amerine-2417.jpg,"<Point><coordinates>-0.84,45.259999999999998</coordinates></Point>"
Amerine-4063,http://labelthis.lib.ucdavis.edu/images/labels/2048x/4/Amerine-4063.jpg,http://labelthis.lib.ucdavis.edu/images/labels/200x/4/Amerine-4063.jpg,"<Point><coordinates>-0.84,45.170000000000002</coordinates></Point>"
Amerine-4152,http://labelthis.lib.ucdavis.edu/images/labels/2048x/4/Amerine-4152.jpg,http://labelthis.lib.ucdavis.edu/images/labels/200x/4/Amerine-4152.jpg,"<Point><coordinates>-0.38,45.060000000000002</coordinates></Point>"
Amerine-4913,http://labelthis.lib.ucdavis.edu/images/labels/2048x/4/Amerine-4913.jpg,http://labelthis.lib.ucdavis.edu/images/labels/200x/4/Amerine-4913.jpg,"<Point><coordinates>-0.37,45.030000000000001</coordinates></Point>"
Amerine-2292,http://labelthis.lib.ucdavis.edu/images/labels/2048x/2/Amerine-2292.jpg,http://labelthis.lib.ucdavis.edu/images/labels/200x/2/Amerine-2292.jpg,"<Point><coordinates>0.19,44.880000000000003</coordinates></Point>"
Amerine-2340,http://labelthis.lib.ucdavis.edu/images/labels/2048x/2/Amerine-2340.jpg,http://labelthis.lib.ucdavis.edu/images/labels/200x/2/Amerine-2340.jpg,"<Point><coordinates>-0.42,44.909999999999997</coordinates></Point>"
Amerine-4122,http://labelthis.lib.ucdavis.edu/images/labels/2048x/4/Amerine-4122.jpg,http://labelthis.lib.ucdavis.edu/images/labels/200x/4/Amerine-4122.jpg,"<Point><coordinates>-0.45,44.859999999999999</coordinates></Point>"
Amerine-2892,http://labelthis.lib.ucdavis.edu/images/labels/2048x/2/Amerine-2892.jpg,http://labelthis.lib.ucdavis.edu/images/labels/200x/2/Amerine-2892.jpg,"<Point><coordinates>-0.43,45.100000000000001</coordinates></Point>"
Amerine-3036,http://labelthis.lib.ucdavis.edu/images/labels/2048x/3/Amerine-3036.jpg,http://labelthis.lib.ucdavis.edu/images/labels/200x/3/Amerine-3036.jpg,"<Point><coordinates>-0.45,45.140000000000001</coordinates></Point>"
Amerine-4100,http://labelthis.lib.ucdavis.edu/images/labels/2048x/4/Amerine-4100.jpg,http://labelthis.lib.ucdavis.edu/images/labels/200x/4/Amerine-4100.jpg,"<Point><coordinates>-0.26,44.710000000000001</coordinates></Point>"
Amerine-2412,http://labelthis.lib.ucdavis.edu/images/labels/2048x/2/Amerine-2412.jpg,http://labelthis.lib.ucdavis.edu/images/labels/200x/2/Amerine-2412.jpg,"<Point><coordinates>-0.09,44.630000000000003</coordinates></Point>"
Amerine-3134,http://labelthis.lib.ucdavis.edu/images/labels/2048x/3/Amerine-3134.jpg,http://labelthis.lib.ucdavis.edu/images/labels/200x/3/Amerine-3134.jpg,"<Point><coordinates>-0.79,45.149999999999999</coordinates></Point>"
Amerine-2866,http://labelthis.lib.ucdavis.edu/images/labels/2048x/2/Amerine-2866.jpg,http://labelthis.lib.ucdavis.edu/images/labels/200x/2/Amerine-2866.jpg,"<Point><coordinates>-0.37,45.049999999999997</coordinates></Point>"
Amerine-5069,http://labelthis.lib.ucdavis.edu/images/labels/2048x/5/Amerine-5069.jpg,http://labelthis.lib.ucdavis.edu/images/labels/200x/5/Amerine-5069.jpg,"<Point><coordinates>-0.44,44.979999999999997</coordinates></Point>"
Amerine-2294,http://labelthis.lib.ucdavis.edu/images/labels/2048x/2/Amerine-2294.jpg,http://labelthis.lib.ucdavis.edu/images/labels/200x/2/Amerine-2294.jpg,"<Point><coordinates>-0.79,45.219999999999999</coordinates></Point>"
Amerine-2814,http://labelthis.lib.ucdavis.edu/images/labels/2048x/2/Amerine-2814.jpg,http://labelthis.lib.ucdavis.edu/images/labels/200x/2/Amerine-2814.jpg,"<Point><coordinates>-0.57,44.719999999999999</coordinates></Point>"
Amerine-2985,http://labelthis.lib.ucdavis.edu/images/labels/2048x/2/Amerine-2985.jpg,http://labelthis.lib.ucdavis.edu/images/labels/200x/2/Amerine-2985.jpg,"<Point><coordinates>-0.84,45.369999999999997</coordinates></Point>"
Amerine-2887,http://labelthis.lib.ucdavis.edu/images/labels/2048x/2/Amerine-2887.jpg,http://labelthis.lib.ucdavis.edu/images/labels/200x/2/Amerine-2887.jpg,"<Point><coordinates>-0.92,45.350000000000001</coordinates></Point>"
Amerine-3095,http://labelthis.lib.ucdavis.edu/images/labels/2048x/3/Amerine-3095.jpg,http://labelthis.lib.ucdavis.edu/images/labels/200x/3/Amerine-3095.jpg,"<Point><coordinates>-0.32,44.840000000000003</coordinates></Point>"
Amerine-4283,http://labelthis.lib.ucdavis.edu/images/labels/2048x/4/Amerine-4283.jpg,http://labelthis.lib.ucdavis.edu/images/labels/200x/4/Amerine-4283.jpg,"<Point><coordinates>-0.37,44.880000000000003</coordinates></Point>"
Amerine-0658,http://labelthis.lib.ucdavis.edu/images/labels/2048x/0/Amerine-0658.jpg,http://labelthis.lib.ucdavis.edu/images/labels/200x/0/Amerine-0658.jpg,"<Point><coordinates>-0.47,44.759999999999998</coordinates></Point>"
Amerine-2400,http://labelthis.lib.ucdavis.edu/images/labels/2048x/2/Amerine-2400.jpg,http://labelthis.lib.ucdavis.edu/images/labels/200x/2/Amerine-2400.jpg,"<Point><coordinates>-0.38,44.979999999999997</coordinates></Point>"
Amerine-3101,http://labelthis.lib.ucdavis.edu/images/labels/2048x/3/Amerine-3101.jpg,http://labelthis.lib.ucdavis.edu/images/labels/200x/3/Amerine-3101.jpg,"<Point><coordinates>-0.4,45.109999999999999</coordinates></Point>"
Amerine-2247,http://labelthis.lib.ucdavis.edu/images/labels/2048x/2/Amerine-2247.jpg,http://labelthis.lib.ucdavis.edu/images/labels/200x/2/Amerine-2247.jpg,"<Point><coordinates>-0.2,44.75</coordinates></Point>"
Amerine-2997,http://labelthis.lib.ucdavis.edu/images/labels/2048x/2/Amerine-2997.jpg,http://labelthis.lib.ucdavis.edu/images/labels/200x/2/Amerine-2997.jpg,"<Point><coordinates>-0.15,44.729999999999997</coordinates></Point>"
Amerine-2998,http://labelthis.lib.ucdavis.edu/images/labels/2048x/2/Amerine-2998.jpg,http://labelthis.lib.ucdavis.edu/images/labels/200x/2/Amerine-2998.jpg,"<Point><coordinates>-0.27,44.740000000000002</coordinates></Point>"
Amerine-2347,http://labelthis.lib.ucdavis.edu/images/labels/2048x/2/Amerine-2347.jpg,http://labelthis.lib.ucdavis.edu/images/labels/200x/2/Amerine-2347.jpg,"<Point><coordinates>-0.38,44.759999999999998</coordinates></Point>"
Amerine-2891,http://labelthis.lib.ucdavis.edu/images/labels/2048x/2/Amerine-2891.jpg,http://labelthis.lib.ucdavis.edu/images/labels/200x/2/Amerine-2891.jpg,"<Point><coordinates>-0.4,44.789999999999999</coordinates></Point>"
Amerine-3080,http://labelthis.lib.ucdavis.edu/images/labels/2048x/3/Amerine-3080.jpg,http://labelthis.lib.ucdavis.edu/images/labels/200x/3/Amerine-3080.jpg,"<Point><coordinates>-0.87,45.280000000000001</coordinates></Point>"
Amerine-4240,http://labelthis.lib.ucdavis.edu/images/labels/2048x/4/Amerine-4240.jpg,http://labelthis.lib.ucdavis.edu/images/labels/200x/4/Amerine-4240.jpg,"<Point><coordinates>0.11,44.890000000000001</coordinates></Point>"
Amerine-3025,http://labelthis.lib.ucdavis.edu/images/labels/2048x/3/Amerine-3025.jpg,http://labelthis.lib.ucdavis.edu/images/labels/200x/3/Amerine-3025.jpg,"<Point><coordinates>-0.43,44.780000000000001</coordinates></Point>"
Amerine-4221,http://labelthis.lib.ucdavis.edu/images/labels/2048x/4/Amerine-4221.jpg,http://labelthis.lib.ucdavis.edu/images/labels/200x/4/Amerine-4221.jpg,"<Point><coordinates>-0.49,44.649999999999999</coordinates></Point>"
Amerine-4997,http://labelthis.lib.ucdavis.edu/images/labels/2048x/4/Amerine-4997.jpg,http://labelthis.lib.ucdavis.edu/images/labels/200x/4/Amerine-4997.jpg,"<Point><coordinates>0.26,44.789999999999999</coordinates></Point>"
Amerine-2402,http://labelthis.lib.ucdavis.edu/images/labels/2048x/2/Amerine-2402.jpg,http://labelthis.lib.ucdavis.edu/images/labels/200x/2/Amerine-2402.jpg,"<Point><coordinates>0.24,44.770000000000003</coordinates></Point>"
Amerine-2414,http://labelthis.lib.ucdavis.edu/images/labels/2048x/2/Amerine-2414.jpg,http://labelthis.lib.ucdavis.edu/images/labels/200x/2/Amerine-2414.jpg,"<Point><coordinates>0.05,44.740000000000002</coordinates></Point>"
Amerine-2860,http://labelthis.lib.ucdavis.edu/images/labels/2048x/2/Amerine-2860.jpg,http://labelthis.lib.ucdavis.edu/images/labels/200x/2/Amerine-2860.jpg,"<Point><coordinates>-0.49,44.780000000000001</coordinates></Point>"
Amerine-3028,http://labelthis.lib.ucdavis.edu/images/labels/2048x/3/Amerine-3028.jpg,http://labelthis.lib.ucdavis.edu/images/labels/200x/3/Amerine-3028.jpg,"<Point><coordinates>-0.07,44.630000000000003</coordinates></Point>"
Amerine-2319,http://labelthis.lib.ucdavis.edu/images/labels/2048x/2/Amerine-2319.jpg,http://labelthis.lib.ucdavis.edu/images/labels/200x/2/Amerine-2319.jpg,"<Point><coordinates>0.19,44.880000000000003</coordinates></Point>"
Amerine-4230,http://labelthis.lib.ucdavis.edu/images/labels/2048x/4/Amerine-4230.jpg,http://labelthis.lib.ucdavis.edu/images/labels/200x/4/Amerine-4230.jpg,"<Point><coordinates>-0.43,45.130000000000003</coordinates></Point>"
Amerine-3098,http://labelthis.lib.ucdavis.edu/images/labels/2048x/3/Amerine-3098.jpg,http://labelthis.lib.ucdavis.edu/images/labels/200x/3/Amerine-3098.jpg,"<Point><coordinates>-0.75,45.109999999999999</coordinates></Point>"
Amerine-3068,http://labelthis.lib.ucdavis.edu/images/labels/2048x/3/Amerine-3068.jpg,http://labelthis.lib.ucdavis.edu/images/labels/200x/3/Amerine-3068.jpg,"<Point><coordinates>0.05,44.869999999999997</coordinates></Point>"
Amerine-5068,http://labelthis.lib.ucdavis.edu/images/labels/2048x/5/Amerine-5068.jpg,http://labelthis.lib.ucdavis.edu/images/labels/200x/5/Amerine-5068.jpg,"<Point><coordinates>0.09,44.890000000000001</coordinates></Point>"
Amerine-3000,http://labelthis.lib.ucdavis.edu/images/labels/2048x/3/Amerine-3000.jpg,http://labelthis.lib.ucdavis.edu/images/labels/200x/3/Amerine-3000.jpg,"<Point><coordinates>-0.34,45.020000000000003</coordinates></Point>"
Amerine-3126,http://labelthis.lib.ucdavis.edu/images/labels/2048x/3/Amerine-3126.jpg,http://labelthis.lib.ucdavis.edu/images/labels/200x/3/Amerine-3126.jpg,"<Point><coordinates>-0.75,45.130000000000003</coordinates></Point>"
Amerine-4980,http://labelthis.lib.ucdavis.edu/images/labels/2048x/4/Amerine-4980.jpg,http://labelthis.lib.ucdavis.edu/images/labels/200x/4/Amerine-4980.jpg,"<Point><coordinates>-0.84,45.219999999999999</coordinates></Point>"
Amerine-3513,http://labelthis.lib.ucdavis.edu/images/labels/2048x/3/Amerine-3513.jpg,http://labelthis.lib.ucdavis.edu/images/labels/200x/3/Amerine-3513.jpg,"<Point><coordinates>0.21,44.780000000000001</coordinates></Point>"
Amerine-4252,http://labelthis.lib.ucdavis.edu/images/labels/2048x/4/Amerine-4252.jpg,http://labelthis.lib.ucdavis.edu/images/labels/200x/4/Amerine-4252.jpg,"<Point><coordinates>-0.79,45.219999999999999</coordinates></Point>"
Amerine-0208,http://labelthis.lib.ucdavis.edu/images/labels/2048x/0/Amerine-0208.jpg,http://labelthis.lib.ucdavis.edu/images/labels/200x/0/Amerine-0208.jpg,"<Point><coordinates>0.03,44.950000000000003</coordinates></Point>"
Amerine-2371,http://labelthis.lib.ucdavis.edu/images/labels/2048x/2/Amerine-2371.jpg,http://labelthis.lib.ucdavis.edu/images/labels/200x/2/Amerine-2371.jpg,"<Point><coordinates>0.18,44.770000000000003</coordinates></Point>"
Amerine-4954,http://labelthis.lib.ucdavis.edu/images/labels/2048x/4/Amerine-4954.jpg,http://labelthis.lib.ucdavis.edu/images/labels/200x/4/Amerine-4954.jpg,"<Point><coordinates>-0.79,45.219999999999999</coordinates></Point>"
Amerine-0632,http://labelthis.lib.ucdavis.edu/images/labels/2048x/0/Amerine-0632.jpg,http://labelthis.lib.ucdavis.edu/images/labels/200x/0/Amerine-0632.jpg,"<Point><coordinates>0.06,44.700000000000003</coordinates></Point>"
Amerine-0714,http://labelthis.lib.ucdavis.edu/images/labels/2048x/0/Amerine-0714.jpg,http://labelthis.lib.ucdavis.edu/images/labels/200x/0/Amerine-0714.jpg,"<Point><coordinates>0.09,44.770000000000003</coordinates></Point>"
Amerine-4257,http://labelthis.lib.ucdavis.edu/images/labels/2048x/4/Amerine-4257.jpg,http://labelthis.lib.ucdavis.edu/images/labels/200x/4/Amerine-4257.jpg,"<Point><coordinates>-0.06,44.68</coordinates></Point>"
Amerine-0645,http://labelthis.lib.ucdavis.edu/images/labels/2048x/0/Amerine-0645.jpg,http://labelthis.lib.ucdavis.edu/images/labels/200x/0/Amerine-0645.jpg,"<Point><coordinates>-0.84,45.340000000000003</coordinates></Point>"
Amerine-2297,http://labelthis.lib.ucdavis.edu/images/labels/2048x/2/Amerine-2297.jpg,http://labelthis.lib.ucdavis.edu/images/labels/200x/2/Amerine-2297.jpg,"<Point><coordinates>0.1,44.590000000000003</coordinates></Point>"
Amerine-2802,http://labelthis.lib.ucdavis.edu/images/labels/2048x/2/Amerine-2802.jpg,http://labelthis.lib.ucdavis.edu/images/labels/200x/2/Amerine-2802.jpg,"<Point><coordinates>-0.89,45.310000000000002</coordinates></Point>"
Amerine-2376,http://labelthis.lib.ucdavis.edu/images/labels/2048x/2/Amerine-2376.jpg,http://labelthis.lib.ucdavis.edu/images/labels/200x/2/Amerine-2376.jpg,"<Point><coordinates>-0.15,44.729999999999997</coordinates></Point>"
Amerine-2476,http://labelthis.lib.ucdavis.edu/images/labels/2048x/2/Amerine-2476.jpg,http://labelthis.lib.ucdavis.edu/images/labels/200x/2/Amerine-2476.jpg,"<Point><coordinates>-0.44,44.990000000000002</coordinates></Point>"
Amerine-3346,http://labelthis.lib.ucdavis.edu/images/labels/2048x/3/Amerine-3346.jpg,http://labelthis.lib.ucdavis.edu/images/labels/200x/3/Amerine-3346.jpg,"<Point><coordinates>-0.28,45.030000000000001</coordinates></Point>"
Amerine-4066,http://labelthis.lib.ucdavis.edu/images/labels/2048x/4/Amerine-4066.jpg,http://labelthis.lib.ucdavis.edu/images/labels/200x/4/Amerine-4066.jpg,"<Point><coordinates>-0.24,44.710000000000001</coordinates></Point>"
Amerine-4237,http://labelthis.lib.ucdavis.edu/images/labels/2048x/4/Amerine-4237.jpg,http://labelthis.lib.ucdavis.edu/images/labels/200x/4/Amerine-4237.jpg,"<Point><coordinates>-0.44,45.020000000000003</coordinates></Point>"
Amerine-2370,http://labelthis.lib.ucdavis.edu/images/labels/2048x/2/Amerine-2370.jpg,http://labelthis.lib.ucdavis.edu/images/labels/200x/2/Amerine-2370.jpg,"<Point><coordinates>-0.85,45.310000000000002</coordinates></Point>"
Amerine-4168,http://labelthis.lib.ucdavis.edu/images/labels/2048x/4/Amerine-4168.jpg,http://labelthis.lib.ucdavis.edu/images/labels/200x/4/Amerine-4168.jpg,"<Point><coordinates>-0.74,45.149999999999999</coordinates></Point>"
Amerine-2438,http://labelthis.lib.ucdavis.edu/images/labels/2048x/2/Amerine-2438.jpg,http://labelthis.lib.ucdavis.edu/images/labels/200x/2/Amerine-2438.jpg,"<Point><coordinates>-0.85,45.329999999999998</coordinates></Point>"
Amerine-4068,http://labelthis.lib.ucdavis.edu/images/labels/2048x/4/Amerine-4068.jpg,http://labelthis.lib.ucdavis.edu/images/labels/200x/4/Amerine-4068.jpg,"<Point><coordinates>-0.52,44.640000000000001</coordinates></Point>"
Amerine-3084,http://labelthis.lib.ucdavis.edu/images/labels/2048x/3/Amerine-3084.jpg,http://labelthis.lib.ucdavis.edu/images/labels/200x/3/Amerine-3084.jpg,"<Point><coordinates>0.15,44.810000000000002</coordinates></Point>"
Amerine-2415,http://labelthis.lib.ucdavis.edu/images/labels/2048x/2/Amerine-2415.jpg,http://labelthis.lib.ucdavis.edu/images/labels/200x/2/Amerine-2415.jpg,"<Point><coordinates>0.21,44.799999999999997</coordinates></Point>"
Amerine-3093,http://labelthis.lib.ucdavis.edu/images/labels/2048x/3/Amerine-3093.jpg,http://labelthis.lib.ucdavis.edu/images/labels/200x/3/Amerine-3093.jpg,"<Point><coordinates>-0.18,44.700000000000003</coordinates></Point>"
Amerine-4080,http://labelthis.lib.ucdavis.edu/images/labels/2048x/4/Amerine-4080.jpg,http://labelthis.lib.ucdavis.edu/images/labels/200x/4/Amerine-4080.jpg,"<Point><coordinates>0.19,44.789999999999999</coordinates></Point>"
Amerine-2395,http://labelthis.lib.ucdavis.edu/images/labels/2048x/2/Amerine-2395.jpg,http://labelthis.lib.ucdavis.edu/images/labels/200x/2/Amerine-2395.jpg,"<Point><coordinates>-0.99,45.350000000000001</coordinates></Point>"
Amerine-2869,http://labelthis.lib.ucdavis.edu/images/labels/2048x/2/Amerine-2869.jpg,http://labelthis.lib.ucdavis.edu/images/labels/200x/2/Amerine-2869.jpg,"<Point><coordinates>-0.33,44.880000000000003</coordinates></Point>"
Amerine-4238,http://labelthis.lib.ucdavis.edu/images/labels/2048x/4/Amerine-4238.jpg,http://labelthis.lib.ucdavis.edu/images/labels/200x/4/Amerine-4238.jpg,"<Point><coordinates>-0.81,45.189999999999998</coordinates></Point>"
Amerine-4911,http://labelthis.lib.ucdavis.edu/images/labels/2048x/4/Amerine-4911.jpg,http://labelthis.lib.ucdavis.edu/images/labels/200x/4/Amerine-4911.jpg,"<Point><coordinates>-0.41,45.039999999999999</coordinates></Point>"
Amerine-2808,http://labelthis.lib.ucdavis.edu/images/labels/2048x/2/Amerine-2808.jpg,http://labelthis.lib.ucdavis.edu/images/labels/200x/2/Amerine-2808.jpg,"<Point><coordinates>-0.49,44.780000000000001</coordinates></Point>"
Amerine-2397,http://labelthis.lib.ucdavis.edu/images/labels/2048x/2/Amerine-2397.jpg,http://labelthis.lib.ucdavis.edu/images/labels/200x/2/Amerine-2397.jpg,"<Point><coordinates>-0.6,44.810000000000002</coordinates></Point>"
Amerine-4081,http://labelthis.lib.ucdavis.edu/images/labels/2048x/4/Amerine-4081.jpg,http://labelthis.lib.ucdavis.edu/images/labels/200x/4/Amerine-4081.jpg,"<Point><coordinates>-0.76,45.219999999999999</coordinates></Point>"
Amerine-2423,http://labelthis.lib.ucdavis.edu/images/labels/2048x/2/Amerine-2423.jpg,http://labelthis.lib.ucdavis.edu/images/labels/200x/2/Amerine-2423.jpg,"<Point><coordinates>-1.03,45.390000000000001</coordinates></Point>"
Amerine-4219,http://labelthis.lib.ucdavis.edu/images/labels/2048x/4/Amerine-4219.jpg,http://labelthis.lib.ucdavis.edu/images/labels/200x/4/Amerine-4219.jpg,"<Point><coordinates>0.26,44.82</coordinates></Point>"
Amerine-4253,http://labelthis.lib.ucdavis.edu/images/labels/2048x/4/Amerine-4253.jpg,http://labelthis.lib.ucdavis.edu/images/labels/200x/4/Amerine-4253.jpg,"<Point><coordinates>-0.83,45.32</coordinates></Point>"
Amerine-3137,http://labelthis.lib.ucdavis.edu/images/labels/2048x/3/Amerine-3137.jpg,http://labelthis.lib.ucdavis.edu/images/labels/200x/3/Amerine-3137.jpg,"<Point><coordinates>-0.23,44.700000000000003</coordinates></Point>"
Amerine-2439,http://labelthis.lib.ucdavis.edu/images/labels/2048x/2/Amerine-2439.jpg,http://labelthis.lib.ucdavis.edu/images/labels/200x/2/Amerine-2439.jpg,"<Point><coordinates>0.2,44.689999999999998</coordinates></Point>"
Amerine-2824,http://labelthis.lib.ucdavis.edu/images/labels/2048x/2/Amerine-2824.jpg,http://labelthis.lib.ucdavis.edu/images/labels/200x/2/Amerine-2824.jpg,"<Point><coordinates>-0.4,45.090000000000003</coordinates></Point>"
Amerine-2387,http://labelthis.lib.ucdavis.edu/images/labels/2048x/2/Amerine-2387.jpg,http://labelthis.lib.ucdavis.edu/images/labels/200x/2/Amerine-2387.jpg,"<Point><coordinates>-0.04,44.979999999999997</coordinates></Point>"
Amerine-2846,http://labelthis.lib.ucdavis.edu/images/labels/2048x/2/Amerine-2846.jpg,http://labelthis.lib.ucdavis.edu/images/labels/200x/2/Amerine-2846.jpg,"<Point><coordinates>-0.61,44.810000000000002</coordinates></Point>"
Amerine-3069,http://labelthis.lib.ucdavis.edu/images/labels/2048x/3/Amerine-3069.jpg,http://labelthis.lib.ucdavis.edu/images/labels/200x/3/Amerine-3069.jpg,"<Point><coordinates>-0.9,45.399999999999999</coordinates></Point>"
Amerine-3118,http://labelthis.lib.ucdavis.edu/images/labels/2048x/3/Amerine-3118.jpg,http://labelthis.lib.ucdavis.edu/images/labels/200x/3/Amerine-3118.jpg,"<Point><coordinates>0.11,44.869999999999997</coordinates></Point>"
Amerine-2249,http://labelthis.lib.ucdavis.edu/images/labels/2048x/2/Amerine-2249.jpg,http://labelthis.lib.ucdavis.edu/images/labels/200x/2/Amerine-2249.jpg,"<Point><coordinates>-0.32,44.829999999999998</coordinates></Point>"
Amerine-2310,http://labelthis.lib.ucdavis.edu/images/labels/2048x/2/Amerine-2310.jpg,http://labelthis.lib.ucdavis.edu/images/labels/200x/2/Amerine-2310.jpg,"<Point><coordinates>-0.22,44.719999999999999</coordinates></Point>"
Amerine-4899,http://labelthis.lib.ucdavis.edu/images/labels/2048x/4/Amerine-4899.jpg,http://labelthis.lib.ucdavis.edu/images/labels/200x/4/Amerine-4899.jpg,"<Point><coordinates>0.2,44.859999999999999</coordinates></Point>"
Amerine-2269,http://labelthis.lib.ucdavis.edu/images/labels/2048x/2/Amerine-2269.jpg,http://labelthis.lib.ucdavis.edu/images/labels/200x/2/Amerine-2269.jpg,"<Point><coordinates>-0.43,44.890000000000001</coordinates></Point>"
Amerine-2890,http://labelthis.lib.ucdavis.edu/images/labels/2048x/2/Amerine-2890.jpg,http://labelthis.lib.ucdavis.edu/images/labels/200x/2/Amerine-2890.jpg,"<Point><coordinates>-0.38,44.759999999999998</coordinates></Point>"
Amerine-4220,http://labelthis.lib.ucdavis.edu/images/labels/2048x/4/Amerine-4220.jpg,http://labelthis.lib.ucdavis.edu/images/labels/200x/4/Amerine-4220.jpg,"<Point><coordinates>-0.46,44.909999999999997</coordinates></Point>"
Amerine-2986,http://labelthis.lib.ucdavis.edu/images/labels/2048x/2/Amerine-2986.jpg,http://labelthis.lib.ucdavis.edu/images/labels/200x/2/Amerine-2986.jpg,"<Point><coordinates>-0.99,45.350000000000001</coordinates></Point>"
Amerine-4655,http://labelthis.lib.ucdavis.edu/images/labels/2048x/4/Amerine-4655.jpg,http://labelthis.lib.ucdavis.edu/images/labels/200x/4/Amerine-4655.jpg,"<Point><coordinates>0.26,44.82</coordinates></Point>"
Amerine-3108,http://labelthis.lib.ucdavis.edu/images/labels/2048x/3/Amerine-3108.jpg,http://labelthis.lib.ucdavis.edu/images/labels/200x/3/Amerine-3108.jpg,"<Point><coordinates>-0.44,45.030000000000001</coordinates></Point>"
Amerine-2432,http://labelthis.lib.ucdavis.edu/images/labels/2048x/2/Amerine-2432.jpg,http://labelthis.lib.ucdavis.edu/images/labels/200x/2/Amerine-2432.jpg,"<Point><coordinates>-0.52,44.670000000000002</coordinates></Point>"
Amerine-4278,http://labelthis.lib.ucdavis.edu/images/labels/2048x/4/Amerine-4278.jpg,http://labelthis.lib.ucdavis.edu/images/labels/200x/4/Amerine-4278.jpg,"<Point><coordinates>-0.64,45</coordinates></Point>"
Amerine-2431,http://labelthis.lib.ucdavis.edu/images/labels/2048x/2/Amerine-2431.jpg,http://labelthis.lib.ucdavis.edu/images/labels/200x/2/Amerine-2431.jpg,"<Point><coordinates>-0.73,45.130000000000003</coordinates></Point>"
Amerine-3119,http://labelthis.lib.ucdavis.edu/images/labels/2048x/3/Amerine-3119.jpg,http://labelthis.lib.ucdavis.edu/images/labels/200x/3/Amerine-3119.jpg,"<Point><coordinates>-0.03,44.740000000000002</coordinates></Point>"
Amerine-2885,http://labelthis.lib.ucdavis.edu/images/labels/2048x/2/Amerine-2885.jpg,http://labelthis.lib.ucdavis.edu/images/labels/200x/2/Amerine-2885.jpg,"<Point><coordinates>-0.08,45.020000000000003</coordinates></Point>"
Amerine-4095,http://labelthis.lib.ucdavis.edu/images/labels/2048x/4/Amerine-4095.jpg,http://labelthis.lib.ucdavis.edu/images/labels/200x/4/Amerine-4095.jpg,"<Point><coordinates>-0.19,44.759999999999998</coordinates></Point>"
Amerine-4287,http://labelthis.lib.ucdavis.edu/images/labels/2048x/4/Amerine-4287.jpg,http://labelthis.lib.ucdavis.edu/images/labels/200x/4/Amerine-4287.jpg,"<Point><coordinates>-0.23,45</coordinates></Point>"
Amerine-3097,http://labelthis.lib.ucdavis.edu/images/labels/2048x/3/Amerine-3097.jpg,http://labelthis.lib.ucdavis.edu/images/labels/200x/3/Amerine-3097.jpg,"<Point><coordinates>0.02,44.649999999999999</coordinates></Point>"
Amerine-4212,http://labelthis.lib.ucdavis.edu/images/labels/2048x/4/Amerine-4212.jpg,http://labelthis.lib.ucdavis.edu/images/labels/200x/4/Amerine-4212.jpg,"<Point><coordinates>0.03,44.740000000000002</coordinates></Point>"
Amerine-2309,http://labelthis.lib.ucdavis.edu/images/labels/2048x/2/Amerine-2309.jpg,http://labelthis.lib.ucdavis.edu/images/labels/200x/2/Amerine-2309.jpg,"<Point><coordinates>-0.97,45.329999999999998</coordinates></Point>"
Amerine-2368,http://labelthis.lib.ucdavis.edu/images/labels/2048x/2/Amerine-2368.jpg,http://labelthis.lib.ucdavis.edu/images/labels/200x/2/Amerine-2368.jpg,"<Point><coordinates>-0.9,45.329999999999998</coordinates></Point>"
Amerine-3131,http://labelthis.lib.ucdavis.edu/images/labels/2048x/3/Amerine-3131.jpg,http://labelthis.lib.ucdavis.edu/images/labels/200x/3/Amerine-3131.jpg,"<Point><coordinates>-0.41,44.979999999999997</coordinates></Point>"
Amerine-4153,http://labelthis.lib.ucdavis.edu/images/labels/2048x/4/Amerine-4153.jpg,http://labelthis.lib.ucdavis.edu/images/labels/200x/4/Amerine-4153.jpg,"<Point><coordinates>0.01,44.770000000000003</coordinates></Point>"
Amerine-2819,http://labelthis.lib.ucdavis.edu/images/labels/2048x/2/Amerine-2819.jpg,http://labelthis.lib.ucdavis.edu/images/labels/200x/2/Amerine-2819.jpg,"<Point><coordinates>-0.28,44.82</coordinates></Point>"
Amerine-2999,http://labelthis.lib.ucdavis.edu/images/labels/2048x/2/Amerine-2999.jpg,http://labelthis.lib.ucdavis.edu/images/labels/200x/2/Amerine-2999.jpg,"<Point><coordinates>-0.44,45.020000000000003</coordinates></Point>"
Amerine-2386,http://labelthis.lib.ucdavis.edu/images/labels/2048x/2/Amerine-2386.jpg,http://labelthis.lib.ucdavis.edu/images/labels/200x/2/Amerine-2386.jpg,"<Point><coordinates>-0.75,45.130000000000003</coordinates></Point>"
Amerine-0763,http://labelthis.lib.ucdavis.edu/images/labels/2048x/0/Amerine-0763.jpg,http://labelthis.lib.ucdavis.edu/images/labels/200x/0/Amerine-0763.jpg,"<Point><coordinates>-0.85,45.32</coordinates></Point>"
Amerine-2369,http://labelthis.lib.ucdavis.edu/images/labels/2048x/2/Amerine-2369.jpg,http://labelthis.lib.ucdavis.edu/images/labels/200x/2/Amerine-2369.jpg,"<Point><coordinates>-0.77,45.200000000000003</coordinates></Point>"
Amerine-3092,http://labelthis.lib.ucdavis.edu/images/labels/2048x/3/Amerine-3092.jpg,http://labelthis.lib.ucdavis.edu/images/labels/200x/3/Amerine-3092.jpg,"<Point><coordinates>-0.33,45.039999999999999</coordinates></Point>"
Amerine-2146,http://labelthis.lib.ucdavis.edu/images/labels/2048x/2/Amerine-2146.jpg,http://labelthis.lib.ucdavis.edu/images/labels/200x/2/Amerine-2146.jpg,"<Point><coordinates>-0.06,44.670000000000002</coordinates></Point>"
Amerine-2248,http://labelthis.lib.ucdavis.edu/images/labels/2048x/2/Amerine-2248.jpg,http://labelthis.lib.ucdavis.edu/images/labels/200x/2/Amerine-2248.jpg,"<Point><coordinates>0.15,44.850000000000001</coordinates></Point>"
Amerine-2995,http://labelthis.lib.ucdavis.edu/images/labels/2048x/2/Amerine-2995.jpg,http://labelthis.lib.ucdavis.edu/images/labels/200x/2/Amerine-2995.jpg,"<Point><coordinates>-0.88,45.280000000000001</coordinates></Point>"
Amerine-4154,http://labelthis.lib.ucdavis.edu/images/labels/2048x/4/Amerine-4154.jpg,http://labelthis.lib.ucdavis.edu/images/labels/200x/4/Amerine-4154.jpg,"<Point><coordinates>-0.03,44.710000000000001</coordinates></Point>"
Amerine-2820,http://labelthis.lib.ucdavis.edu/images/labels/2048x/2/Amerine-2820.jpg,http://labelthis.lib.ucdavis.edu/images/labels/200x/2/Amerine-2820.jpg,"<Point><coordinates>0.2,44.859999999999999</coordinates></Point>"
Amerine-2351,http://labelthis.lib.ucdavis.edu/images/labels/2048x/2/Amerine-2351.jpg,http://labelthis.lib.ucdavis.edu/images/labels/200x/2/Amerine-2351.jpg,"<Point><coordinates>-0.02,44.719999999999999</coordinates></Point>"
Amerine-3109,http://labelthis.lib.ucdavis.edu/images/labels/2048x/3/Amerine-3109.jpg,http://labelthis.lib.ucdavis.edu/images/labels/200x/3/Amerine-3109.jpg,"<Point><coordinates>0.03,44.950000000000003</coordinates></Point>"
Amerine-4064,http://labelthis.lib.ucdavis.edu/images/labels/2048x/4/Amerine-4064.jpg,http://labelthis.lib.ucdavis.edu/images/labels/200x/4/Amerine-4064.jpg,"<Point><coordinates>0.15,44.810000000000002</coordinates></Point>"
Amerine-3368,http://labelthis.lib.ucdavis.edu/images/labels/2048x/3/Amerine-3368.jpg,http://labelthis.lib.ucdavis.edu/images/labels/200x/3/Amerine-3368.jpg,"<Point><coordinates>-0.74,45.170000000000002</coordinates></Point>"
Amerine-2524,http://labelthis.lib.ucdavis.edu/images/labels/2048x/2/Amerine-2524.jpg,http://labelthis.lib.ucdavis.edu/images/labels/200x/2/Amerine-2524.jpg,"<Point><coordinates>-0.61,44.729999999999997</coordinates></Point>"
Amerine-4098,http://labelthis.lib.ucdavis.edu/images/labels/2048x/4/Amerine-4098.jpg,http://labelthis.lib.ucdavis.edu/images/labels/200x/4/Amerine-4098.jpg,"<Point><coordinates>-0.64,45</coordinates></Point>"
Amerine-2821,http://labelthis.lib.ucdavis.edu/images/labels/2048x/2/Amerine-2821.jpg,http://labelthis.lib.ucdavis.edu/images/labels/200x/2/Amerine-2821.jpg,"<Point><coordinates>-0.41,44.890000000000001</coordinates></Point>"
Amerine-4097,http://labelthis.lib.ucdavis.edu/images/labels/2048x/4/Amerine-4097.jpg,http://labelthis.lib.ucdavis.edu/images/labels/200x/4/Amerine-4097.jpg,"<Point><coordinates>0,44.68</coordinates></Point>"
Amerine-0696,http://labelthis.lib.ucdavis.edu/images/labels/2048x/0/Amerine-0696.jpg,http://labelthis.lib.ucdavis.edu/images/labels/200x/0/Amerine-0696.jpg,"<Point><coordinates>-0.91,45.390000000000001</coordinates></Point>"
Amerine-4151,http://labelthis.lib.ucdavis.edu/images/labels/2048x/4/Amerine-4151.jpg,http://labelthis.lib.ucdavis.edu/images/labels/200x/4/Amerine-4151.jpg,"<Point><coordinates>-0.28,44.799999999999997</coordinates></Point>"
Amerine-4243,http://labelthis.lib.ucdavis.edu/images/labels/2048x/4/Amerine-4243.jpg,http://labelthis.lib.ucdavis.edu/images/labels/200x/4/Amerine-4243.jpg,"<Point><coordinates>-0.88,45.310000000000002</coordinates></Point>"
Amerine-3124,http://labelthis.lib.ucdavis.edu/images/labels/2048x/3/Amerine-3124.jpg,http://labelthis.lib.ucdavis.edu/images/labels/200x/3/Amerine-3124.jpg,"<Point><coordinates>-0.69,45.020000000000003</coordinates></Point>"
Amerine-0643,http://labelthis.lib.ucdavis.edu/images/labels/2048x/0/Amerine-0643.jpg,http://labelthis.lib.ucdavis.edu/images/labels/200x/0/Amerine-0643.jpg,"<Point><coordinates>-0.79,45.039999999999999</coordinates></Point>"
Amerine-4182,http://labelthis.lib.ucdavis.edu/images/labels/2048x/4/Amerine-4182.jpg,http://labelthis.lib.ucdavis.edu/images/labels/200x/4/Amerine-4182.jpg,"<Point><coordinates>-0.41,45.090000000000003</coordinates></Point>"
Amerine-4227,http://labelthis.lib.ucdavis.edu/images/labels/2048x/4/Amerine-4227.jpg,http://labelthis.lib.ucdavis.edu/images/labels/200x/4/Amerine-4227.jpg,"<Point><coordinates>-0.3,45.060000000000002</coordinates></Point>"
Amerine-4993,http://labelthis.lib.ucdavis.edu/images/labels/2048x/4/Amerine-4993.jpg,http://labelthis.lib.ucdavis.edu/images/labels/200x/4/Amerine-4993.jpg,"<Point><coordinates>-0.84,45.340000000000003</coordinates></Point>"
Amerine-4459,http://labelthis.lib.ucdavis.edu/images/labels/2048x/4/Amerine-4459.jpg,http://labelthis.lib.ucdavis.edu/images/labels/200x/4/Amerine-4459.jpg,"<Point><coordinates>0.15,44.770000000000003</coordinates></Point>"
Amerine-4291,http://labelthis.lib.ucdavis.edu/images/labels/2048x/4/Amerine-4291.jpg,http://labelthis.lib.ucdavis.edu/images/labels/200x/4/Amerine-4291.jpg,"<Point><coordinates>0.21,44.780000000000001</coordinates></Point>"
Amerine-4292,http://labelthis.lib.ucdavis.edu/images/labels/2048x/4/Amerine-4292.jpg,http://labelthis.lib.ucdavis.edu/images/labels/200x/4/Amerine-4292.jpg,"<Point><coordinates>-0.04,44.670000000000002</coordinates></Point>"
Amerine-0382,http://labelthis.lib.ucdavis.edu/images/labels/2048x/0/Amerine-0382.jpg,http://labelthis.lib.ucdavis.edu/images/labels/200x/0/Amerine-0382.jpg,"<Point><coordinates>-0.44,44.899999999999999</coordinates></Point>"
Amerine-2250,http://labelthis.lib.ucdavis.edu/images/labels/2048x/2/Amerine-2250.jpg,http://labelthis.lib.ucdavis.edu/images/labels/200x/2/Amerine-2250.jpg,"<Point><coordinates>-0.73,45.130000000000003</coordinates></Point>"
Amerine-2878,http://labelthis.lib.ucdavis.edu/images/labels/2048x/2/Amerine-2878.jpg,http://labelthis.lib.ucdavis.edu/images/labels/200x/2/Amerine-2878.jpg,"<Point><coordinates>-0.02,44.780000000000001</coordinates></Point>"
Amerine-2374,http://labelthis.lib.ucdavis.edu/images/labels/2048x/2/Amerine-2374.jpg,http://labelthis.lib.ucdavis.edu/images/labels/200x/2/Amerine-2374.jpg,"<Point><coordinates>-0.41,45.119999999999997</coordinates></Point>"
Amerine-4229,http://labelthis.lib.ucdavis.edu/images/labels/2048x/4/Amerine-4229.jpg,http://labelthis.lib.ucdavis.edu/images/labels/200x/4/Amerine-4229.jpg,"<Point><coordinates>0.15,44.770000000000003</coordinates></Point>"
Amerine-4231,http://labelthis.lib.ucdavis.edu/images/labels/2048x/4/Amerine-4231.jpg,http://labelthis.lib.ucdavis.edu/images/labels/200x/4/Amerine-4231.jpg,"<Point><coordinates>-0.75,45.109999999999999</coordinates></Point>"
Amerine-2350,http://labelthis.lib.ucdavis.edu/images/labels/2048x/2/Amerine-2350.jpg,http://labelthis.lib.ucdavis.edu/images/labels/200x/2/Amerine-2350.jpg,"<Point><coordinates>-0.07,44.75</coordinates></Point>"
Amerine-2418,http://labelthis.lib.ucdavis.edu/images/labels/2048x/2/Amerine-2418.jpg,http://labelthis.lib.ucdavis.edu/images/labels/200x/2/Amerine-2418.jpg,"<Point><coordinates>-0.84,45.25</coordinates></Point>"
Amerine-4218,http://labelthis.lib.ucdavis.edu/images/labels/2048x/4/Amerine-4218.jpg,http://labelthis.lib.ucdavis.edu/images/labels/200x/4/Amerine-4218.jpg,"<Point><coordinates>-0.76,45.210000000000001</coordinates></Point>"
Amerine-2385,http://labelthis.lib.ucdavis.edu/images/labels/2048x/2/Amerine-2385.jpg,http://labelthis.lib.ucdavis.edu/images/labels/200x/2/Amerine-2385.jpg,"<Point><coordinates>0.21,44.719999999999999</coordinates></Point>"
Amerine-2868,http://labelthis.lib.ucdavis.edu/images/labels/2048x/2/Amerine-2868.jpg,http://labelthis.lib.ucdavis.edu/images/labels/200x/2/Amerine-2868.jpg,"<Point><coordinates>0.01,44.759999999999998</coordinates></Point>"
Amerine-2816,http://labelthis.lib.ucdavis.edu/images/labels/2048x/2/Amerine-2816.jpg,http://labelthis.lib.ucdavis.edu/images/labels/200x/2/Amerine-2816.jpg,"<Point><coordinates>0.11,44.890000000000001</coordinates></Point>"
Amerine-3078,http://labelthis.lib.ucdavis.edu/images/labels/2048x/3/Amerine-3078.jpg,http://labelthis.lib.ucdavis.edu/images/labels/200x/3/Amerine-3078.jpg,"<Point><coordinates>0.1,44.759999999999998</coordinates></Point>"
Amerine-4289,http://labelthis.lib.ucdavis.edu/images/labels/2048x/4/Amerine-4289.jpg,http://labelthis.lib.ucdavis.edu/images/labels/200x/4/Amerine-4289.jpg,"<Point><coordinates>-0.79,45.07</coordinates></Point>"
Amerine-2318,http://labelthis.lib.ucdavis.edu/images/labels/2048x/2/Amerine-2318.jpg,http://labelthis.lib.ucdavis.edu/images/labels/200x/2/Amerine-2318.jpg,"<Point><coordinates>-0.45,45.020000000000003</coordinates></Point>"
Amerine-3136,http://labelthis.lib.ucdavis.edu/images/labels/2048x/3/Amerine-3136.jpg,http://labelthis.lib.ucdavis.edu/images/labels/200x/3/Amerine-3136.jpg,"<Point><coordinates>-0.91,45.299999999999997</coordinates></Point>"
Amerine-4260,http://labelthis.lib.ucdavis.edu/images/labels/2048x/4/Amerine-4260.jpg,http://labelthis.lib.ucdavis.edu/images/labels/200x/4/Amerine-4260.jpg,"<Point><coordinates>0.14,44.869999999999997</coordinates></Point>"
Amerine-2378,http://labelthis.lib.ucdavis.edu/images/labels/2048x/2/Amerine-2378.jpg,http://labelthis.lib.ucdavis.edu/images/labels/200x/2/Amerine-2378.jpg,"<Point><coordinates>-0.33,45.020000000000003</coordinates></Point>"
Amerine-3058,http://labelthis.lib.ucdavis.edu/images/labels/2048x/3/Amerine-3058.jpg,http://labelthis.lib.ucdavis.edu/images/labels/200x/3/Amerine-3058.jpg,"<Point><coordinates>0.18,44.829999999999998</coordinates></Point>"
Amerine-3121,http://labelthis.lib.ucdavis.edu/images/labels/2048x/3/Amerine-3121.jpg,http://labelthis.lib.ucdavis.edu/images/labels/200x/3/Amerine-3121.jpg,"<Point><coordinates>-0.87,45.280000000000001</coordinates></Point>"
Amerine-3139,http://labelthis.lib.ucdavis.edu/images/labels/2048x/3/Amerine-3139.jpg,http://labelthis.lib.ucdavis.edu/images/labels/200x/3/Amerine-3139.jpg,"<Point><coordinates>-0.72,45.079999999999998</coordinates></Point>"
Amerine-3096,http://labelthis.lib.ucdavis.edu/images/labels/2048x/3/Amerine-3096.jpg,http://labelthis.lib.ucdavis.edu/images/labels/200x/3/Amerine-3096.jpg,"<Point><coordinates>0.2,44.789999999999999</coordinates></Point>"
Amerine-3132,http://labelthis.lib.ucdavis.edu/images/labels/2048x/3/Amerine-3132.jpg,http://labelthis.lib.ucdavis.edu/images/labels/200x/3/Amerine-3132.jpg,"<Point><coordinates>-0.39,44.539999999999999</coordinates></Point>"
Amerine-0178,http://labelthis.lib.ucdavis.edu/images/labels/2048x/0/Amerine-0178.jpg,http://labelthis.lib.ucdavis.edu/images/labels/200x/0/Amerine-0178.jpg,"<Point><coordinates>0.11,44.759999999999998</coordinates></Point>"
Amerine-3006,http://labelthis.lib.ucdavis.edu/images/labels/2048x/3/Amerine-3006.jpg,http://labelthis.lib.ucdavis.edu/images/labels/200x/3/Amerine-3006.jpg,"<Point><coordinates>-0.26,45.020000000000003</coordinates></Point>"
Amerine-0347,http://labelthis.lib.ucdavis.edu/images/labels/2048x/0/Amerine-0347.jpg,http://labelthis.lib.ucdavis.edu/images/labels/200x/0/Amerine-0347.jpg,"<Point><coordinates>-0.21,44.530000000000001</coordinates></Point>"
Amerine-2867,http://labelthis.lib.ucdavis.edu/images/labels/2048x/2/Amerine-2867.jpg,http://labelthis.lib.ucdavis.edu/images/labels/200x/2/Amerine-2867.jpg,"<Point><coordinates>-0.3,44.799999999999997</coordinates></Point>"
Amerine-3130,http://labelthis.lib.ucdavis.edu/images/labels/2048x/3/Amerine-3130.jpg,http://labelthis.lib.ucdavis.edu/images/labels/200x/3/Amerine-3130.jpg,"<Point><coordinates>-0.36,45.020000000000003</coordinates></Point>"
Amerine-2295,http://labelthis.lib.ucdavis.edu/images/labels/2048x/2/Amerine-2295.jpg,http://labelthis.lib.ucdavis.edu/images/labels/200x/2/Amerine-2295.jpg,"<Point><coordinates>-0.02,44.75</coordinates></Point>"
Amerine-0338,http://labelthis.lib.ucdavis.edu/images/labels/2048x/0/Amerine-0338.jpg,http://labelthis.lib.ucdavis.edu/images/labels/200x/0/Amerine-0338.jpg,"<Point><coordinates>-0.75,45.109999999999999</coordinates></Point>"
Amerine-4103,http://labelthis.lib.ucdavis.edu/images/labels/2048x/4/Amerine-4103.jpg,http://labelthis.lib.ucdavis.edu/images/labels/200x/4/Amerine-4103.jpg,"<Point><coordinates>-0.29,44.82</coordinates></Point>"
Amerine-0026,http://labelthis.lib.ucdavis.edu/images/labels/2048x/0/Amerine-0026.jpg,http://labelthis.lib.ucdavis.edu/images/labels/200x/0/Amerine-0026.jpg,"<Point><coordinates>0.01,44.979999999999997</coordinates></Point>"
Amerine-2436,http://labelthis.lib.ucdavis.edu/images/labels/2048x/2/Amerine-2436.jpg,http://labelthis.lib.ucdavis.edu/images/labels/200x/2/Amerine-2436.jpg,"<Point><coordinates>-0.25,45</coordinates></Point>"
Amerine-3081,http://labelthis.lib.ucdavis.edu/images/labels/2048x/3/Amerine-3081.jpg,http://labelthis.lib.ucdavis.edu/images/labels/200x/3/Amerine-3081.jpg,"<Point><coordinates>-0.25,44.75</coordinates></Point>"
Amerine-4256,http://labelthis.lib.ucdavis.edu/images/labels/2048x/4/Amerine-4256.jpg,http://labelthis.lib.ucdavis.edu/images/labels/200x/4/Amerine-4256.jpg,"<Point><coordinates>-0.48,44.880000000000003</coordinates></Point>"
Amerine-2944,http://labelthis.lib.ucdavis.edu/images/labels/2048x/2/Amerine-2944.jpg,http://labelthis.lib.ucdavis.edu/images/labels/200x/2/Amerine-2944.jpg,"<Point><coordinates>0.06,44.950000000000003</coordinates></Point>"
Amerine-2815,http://labelthis.lib.ucdavis.edu/images/labels/2048x/2/Amerine-2815.jpg,http://labelthis.lib.ucdavis.edu/images/labels/200x/2/Amerine-2815.jpg,"<Point><coordinates>-0.67,45.049999999999997</coordinates></Point>"
Amerine-4078,http://labelthis.lib.ucdavis.edu/images/labels/2048x/4/Amerine-4078.jpg,http://labelthis.lib.ucdavis.edu/images/labels/200x/4/Amerine-4078.jpg,"<Point><coordinates>-0.45,44.979999999999997</coordinates></Point>"
Amerine-0306,http://labelthis.lib.ucdavis.edu/images/labels/2048x/0/Amerine-0306.jpg,http://labelthis.lib.ucdavis.edu/images/labels/200x/0/Amerine-0306.jpg,"<Point><coordinates>-0.38,44.909999999999997</coordinates></Point>"
Amerine-0718,http://labelthis.lib.ucdavis.edu/images/labels/2048x/0/Amerine-0718.jpg,http://labelthis.lib.ucdavis.edu/images/labels/200x/0/Amerine-0718.jpg,"<Point><coordinates>0.11,44.780000000000001</coordinates></Point>"
Amerine-2367,http://labelthis.lib.ucdavis.edu/images/labels/2048x/2/Amerine-2367.jpg,http://labelthis.lib.ucdavis.edu/images/labels/200x/2/Amerine-2367.jpg,"<Point><coordinates>-0.46,44.890000000000001</coordinates></Point>"
Amerine-2383,http://labelthis.lib.ucdavis.edu/images/labels/2048x/2/Amerine-2383.jpg,http://labelthis.lib.ucdavis.edu/images/labels/200x/2/Amerine-2383.jpg,"<Point><coordinates>-0.18,44.719999999999999</coordinates></Point>"
Amerine-4224,http://labelthis.lib.ucdavis.edu/images/labels/2048x/4/Amerine-4224.jpg,http://labelthis.lib.ucdavis.edu/images/labels/200x/4/Amerine-4224.jpg,"<Point><coordinates>-0.41,44.840000000000003</coordinates></Point>"
Amerine-4235,http://labelthis.lib.ucdavis.edu/images/labels/2048x/4/Amerine-4235.jpg,http://labelthis.lib.ucdavis.edu/images/labels/200x/4/Amerine-4235.jpg,"<Point><coordinates>-0.08,45.020000000000003</coordinates></Point>"
Amerine-4263,http://labelthis.lib.ucdavis.edu/images/labels/2048x/4/Amerine-4263.jpg,http://labelthis.lib.ucdavis.edu/images/labels/200x/4/Amerine-4263.jpg,"<Point><coordinates>-0.23,45</coordinates></Point>"
Amerine-2296,http://labelthis.lib.ucdavis.edu/images/labels/2048x/2/Amerine-2296.jpg,http://labelthis.lib.ucdavis.edu/images/labels/200x/2/Amerine-2296.jpg,"<Point><coordinates>-0.9,45.390000000000001</coordinates></Point>"
Amerine-2996,http://labelthis.lib.ucdavis.edu/images/labels/2048x/2/Amerine-2996.jpg,http://labelthis.lib.ucdavis.edu/images/labels/200x/2/Amerine-2996.jpg,"<Point><coordinates>-0.06,44.619999999999997</coordinates></Point>"
Amerine-3135,http://labelthis.lib.ucdavis.edu/images/labels/2048x/3/Amerine-3135.jpg,http://labelthis.lib.ucdavis.edu/images/labels/200x/3/Amerine-3135.jpg,"<Point><coordinates>0.05,44.869999999999997</coordinates></Point>"
Amerine-3103,http://labelthis.lib.ucdavis.edu/images/labels/2048x/3/Amerine-3103.jpg,http://labelthis.lib.ucdavis.edu/images/labels/200x/3/Amerine-3103.jpg,"<Point><coordinates>-0.47,44.770000000000003</coordinates></Point>"
Amerine-3125,http://labelthis.lib.ucdavis.edu/images/labels/2048x/3/Amerine-3125.jpg,http://labelthis.lib.ucdavis.edu/images/labels/200x/3/Amerine-3125.jpg,"<Point><coordinates>-0.36,44.770000000000003</coordinates></Point>"
Amerine-2382,http://labelthis.lib.ucdavis.edu/images/labels/2048x/2/Amerine-2382.jpg,http://labelthis.lib.ucdavis.edu/images/labels/200x/2/Amerine-2382.jpg,"<Point><coordinates>-0.89,45.329999999999998</coordinates></Point>"
Amerine-3226,http://labelthis.lib.ucdavis.edu/images/labels/2048x/3/Amerine-3226.jpg,http://labelthis.lib.ucdavis.edu/images/labels/200x/3/Amerine-3226.jpg,"<Point><coordinates>0.13,44.859999999999999</coordinates></Point>"
Amerine-4953,http://labelthis.lib.ucdavis.edu/images/labels/2048x/4/Amerine-4953.jpg,http://labelthis.lib.ucdavis.edu/images/labels/200x/4/Amerine-4953.jpg,"<Point><coordinates>0.25,44.829999999999998</coordinates></Point>"
Amerine-3076,http://labelthis.lib.ucdavis.edu/images/labels/2048x/3/Amerine-3076.jpg,http://labelthis.lib.ucdavis.edu/images/labels/200x/3/Amerine-3076.jpg,"<Point><coordinates>-0.44,45.020000000000003</coordinates></Point>"
Amerine-3123,http://labelthis.lib.ucdavis.edu/images/labels/2048x/3/Amerine-3123.jpg,http://labelthis.lib.ucdavis.edu/images/labels/200x/3/Amerine-3123.jpg,"<Point><coordinates>0.15,44.780000000000001</coordinates></Point>"
Amerine-2399,http://labelthis.lib.ucdavis.edu/images/labels/2048x/2/Amerine-2399.jpg,http://labelthis.lib.ucdavis.edu/images/labels/200x/2/Amerine-2399.jpg,"<Point><coordinates>-0.41,45.090000000000003</coordinates></Point>"
Amerine-2435,http://labelthis.lib.ucdavis.edu/images/labels/2048x/2/Amerine-2435.jpg,http://labelthis.lib.ucdavis.edu/images/labels/200x/2/Amerine-2435.jpg,"<Point><coordinates>0.12,44.789999999999999</coordinates></Point>"
Amerine-2886,http://labelthis.lib.ucdavis.edu/images/labels/2048x/2/Amerine-2886.jpg,http://labelthis.lib.ucdavis.edu/images/labels/200x/2/Amerine-2886.jpg,"<Point><coordinates>0.17,44.759999999999998</coordinates></Point>"
Amerine-4106,http://labelthis.lib.ucdavis.edu/images/labels/2048x/4/Amerine-4106.jpg,http://labelthis.lib.ucdavis.edu/images/labels/200x/4/Amerine-4106.jpg,"<Point><coordinates>-0.6,44.75</coordinates></Point>"
Amerine-0108,http://labelthis.lib.ucdavis.edu/images/labels/2048x/0/Amerine-0108.jpg,http://labelthis.lib.ucdavis.edu/images/labels/200x/0/Amerine-0108.jpg,"<Point><coordinates>0.02,44.710000000000001</coordinates></Point>"
Amerine-3087,http://labelthis.lib.ucdavis.edu/images/labels/2048x/3/Amerine-3087.jpg,http://labelthis.lib.ucdavis.edu/images/labels/200x/3/Amerine-3087.jpg,"<Point><coordinates>-0.87,45.380000000000003</coordinates></Point>"
Amerine-3140,http://labelthis.lib.ucdavis.edu/images/labels/2048x/3/Amerine-3140.jpg,http://labelthis.lib.ucdavis.edu/images/labels/200x/3/Amerine-3140.jpg,"<Point><coordinates>0.16,44.770000000000003</coordinates></Point>"
Amerine-2406,http://labelthis.lib.ucdavis.edu/images/labels/2048x/2/Amerine-2406.jpg,http://labelthis.lib.ucdavis.edu/images/labels/200x/2/Amerine-2406.jpg,"<Point><coordinates>-0.79,45.060000000000002</coordinates></Point>"
Amerine-2343,http://labelthis.lib.ucdavis.edu/images/labels/2048x/2/Amerine-2343.jpg,http://labelthis.lib.ucdavis.edu/images/labels/200x/2/Amerine-2343.jpg,"<Point><coordinates>-0.79,45.18</coordinates></Point>"
Amerine-2377,http://labelthis.lib.ucdavis.edu/images/labels/2048x/2/Amerine-2377.jpg,http://labelthis.lib.ucdavis.edu/images/labels/200x/2/Amerine-2377.jpg,"<Point><coordinates>0.15,44.780000000000001</coordinates></Point>"
Amerine-4091,http://labelthis.lib.ucdavis.edu/images/labels/2048x/4/Amerine-4091.jpg,http://labelthis.lib.ucdavis.edu/images/labels/200x/4/Amerine-4091.jpg,"<Point><coordinates>-0.83,45.240000000000002</coordinates></Point>"
Amerine-4239,http://labelthis.lib.ucdavis.edu/images/labels/2048x/4/Amerine-4239.jpg,http://labelthis.lib.ucdavis.edu/images/labels/200x/4/Amerine-4239.jpg,"<Point><coordinates>0.17,44.789999999999999</coordinates></Point>"
Amerine-2410,http://labelthis.lib.ucdavis.edu/images/labels/2048x/2/Amerine-2410.jpg,http://labelthis.lib.ucdavis.edu/images/labels/200x/2/Amerine-2410.jpg,"<Point><coordinates>0.04,44.859999999999999</coordinates></Point>"
Amerine-2863,http://labelthis.lib.ucdavis.edu/images/labels/2048x/2/Amerine-2863.jpg,http://labelthis.lib.ucdavis.edu/images/labels/200x/2/Amerine-2863.jpg,"<Point><coordinates>-0.15,44.719999999999999</coordinates></Point>"
Amerine-2332,http://labelthis.lib.ucdavis.edu/images/labels/2048x/2/Amerine-2332.jpg,http://labelthis.lib.ucdavis.edu/images/labels/200x/2/Amerine-2332.jpg,"<Point><coordinates>-0.68,45.030000000000001</coordinates></Point>"
Amerine-2822,http://labelthis.lib.ucdavis.edu/images/labels/2048x/2/Amerine-2822.jpg,http://labelthis.lib.ucdavis.edu/images/labels/200x/2/Amerine-2822.jpg,"<Point><coordinates>-0.21,44.530000000000001</coordinates></Point>"
Amerine-2865,http://labelthis.lib.ucdavis.edu/images/labels/2048x/2/Amerine-2865.jpg,http://labelthis.lib.ucdavis.edu/images/labels/200x/2/Amerine-2865.jpg,"<Point><coordinates>-0.8,45.060000000000002</coordinates></Point>"
Amerine-2804,http://labelthis.lib.ucdavis.edu/images/labels/2048x/2/Amerine-2804.jpg,http://labelthis.lib.ucdavis.edu/images/labels/200x/2/Amerine-2804.jpg,"<Point><coordinates>0.06,44.590000000000003</coordinates></Point>"
Amerine-2994,http://labelthis.lib.ucdavis.edu/images/labels/2048x/2/Amerine-2994.jpg,http://labelthis.lib.ucdavis.edu/images/labels/200x/2/Amerine-2994.jpg,"<Point><coordinates>-0.86,45.32</coordinates></Point>"
Amerine-3094,http://labelthis.lib.ucdavis.edu/images/labels/2048x/3/Amerine-3094.jpg,http://labelthis.lib.ucdavis.edu/images/labels/200x/3/Amerine-3094.jpg,"<Point><coordinates>-0.81,45.170000000000002</coordinates></Point>"
Amerine-3612,http://labelthis.lib.ucdavis.edu/images/labels/2048x/3/Amerine-3612.jpg,http://labelthis.lib.ucdavis.edu/images/labels/200x/3/Amerine-3612.jpg,"<Point><coordinates>0.01,44.630000000000003</coordinates></Point>"
Amerine-4244,http://labelthis.lib.ucdavis.edu/images/labels/2048x/4/Amerine-4244.jpg,http://labelthis.lib.ucdavis.edu/images/labels/200x/4/Amerine-4244.jpg,"<Point><coordinates>-0.27,44.789999999999999</coordinates></Point>"
Amerine-4410,http://labelthis.lib.ucdavis.edu/images/labels/2048x/4/Amerine-4410.jpg,http://labelthis.lib.ucdavis.edu/images/labels/200x/4/Amerine-4410.jpg,"<Point><coordinates>-0.49,45.030000000000001</coordinates></Point>"
Amerine-2455,http://labelthis.lib.ucdavis.edu/images/labels/2048x/2/Amerine-2455.jpg,http://labelthis.lib.ucdavis.edu/images/labels/200x/2/Amerine-2455.jpg,"<Point><coordinates>0.03,44.719999999999999</coordinates></Point>"
Amerine-2793,http://labelthis.lib.ucdavis.edu/images/labels/2048x/2/Amerine-2793.jpg,http://labelthis.lib.ucdavis.edu/images/labels/200x/2/Amerine-2793.jpg,"<Point><coordinates>-0.02,44.75</coordinates></Point>"
Amerine-3690,http://labelthis.lib.ucdavis.edu/images/labels/2048x/3/Amerine-3690.jpg,http://labelthis.lib.ucdavis.edu/images/labels/200x/3/Amerine-3690.jpg,"<Point><coordinates>-0.48,45.030000000000001</coordinates></Point>"
Amerine-3072,http://labelthis.lib.ucdavis.edu/images/labels/2048x/3/Amerine-3072.jpg,http://labelthis.lib.ucdavis.edu/images/labels/200x/3/Amerine-3072.jpg,"<Point><coordinates>-0.88,45.280000000000001</coordinates></Point>"
Amerine-0690,http://labelthis.lib.ucdavis.edu/images/labels/2048x/0/Amerine-0690.jpg,http://labelthis.lib.ucdavis.edu/images/labels/200x/0/Amerine-0690.jpg,"<Point><coordinates>0,44.75</coordinates></Point>"
Amerine-2437,http://labelthis.lib.ucdavis.edu/images/labels/2048x/2/Amerine-2437.jpg,http://labelthis.lib.ucdavis.edu/images/labels/200x/2/Amerine-2437.jpg,"<Point><coordinates>-0.89,45.390000000000001</coordinates></Point>"
Amerine-2413,http://labelthis.lib.ucdavis.edu/images/labels/2048x/2/Amerine-2413.jpg,http://labelthis.lib.ucdavis.edu/images/labels/200x/2/Amerine-2413.jpg,"<Point><coordinates>-0.07,44.689999999999998</coordinates></Point>"
Amerine-2861,http://labelthis.lib.ucdavis.edu/images/labels/2048x/2/Amerine-2861.jpg,http://labelthis.lib.ucdavis.edu/images/labels/200x/2/Amerine-2861.jpg,"<Point><coordinates>-0.38,44.799999999999997</coordinates></Point>"
Amerine-4450,http://labelthis.lib.ucdavis.edu/images/labels/2048x/4/Amerine-4450.jpg,http://labelthis.lib.ucdavis.edu/images/labels/200x/4/Amerine-4450.jpg,"<Point><coordinates>-0.51,45.030000000000001</coordinates></Point>"
Amerine-2811,http://labelthis.lib.ucdavis.edu/images/labels/2048x/2/Amerine-2811.jpg,http://labelthis.lib.ucdavis.edu/images/labels/200x/2/Amerine-2811.jpg,"<Point><coordinates>-0.23,45</coordinates></Point>"
Amerine-0209,http://labelthis.lib.ucdavis.edu/images/labels/2048x/0/Amerine-0209.jpg,http://labelthis.lib.ucdavis.edu/images/labels/200x/0/Amerine-0209.jpg,"<Point><coordinates>0.15,44.780000000000001</coordinates></Point>"
Amerine-2526,http://labelthis.lib.ucdavis.edu/images/labels/2048x/2/Amerine-2526.jpg,http://labelthis.lib.ucdavis.edu/images/labels/200x/2/Amerine-2526.jpg,"<Point><coordinates>-0.37,44.990000000000002</coordinates></Point>"
Amerine-3029,http://labelthis.lib.ucdavis.edu/images/labels/2048x/3/Amerine-3029.jpg,http://labelthis.lib.ucdavis.edu/images/labels/200x/3/Amerine-3029.jpg,"<Point><coordinates>-0.42,44.909999999999997</coordinates></Point>"
Amerine-5065,http://labelthis.lib.ucdavis.edu/images/labels/2048x/5/Amerine-5065.jpg,http://labelthis.lib.ucdavis.edu/images/labels/200x/5/Amerine-5065.jpg,"<Point><coordinates>-0.44,44.909999999999997</coordinates></Point>"
